{
	"class_name" : "PinholeCameraParameters",
	"extrinsic" : 
	[
		0.75011411570084285,
		0.37550686374123082,
		0.54435595772395784,
		0.0,
		0.42537175181655035,
		-0.90423714832035429,
		0.037603887485108817,
		0.0,
		0.50634739673751827,
		0.20334644054100959,
		-0.83801106134492054,
		0.0,
		126.61128368202579,
		73.183242653253586,
		122.38737999982698,
		1.0
	],
	"intrinsic" : 
	{
		"height" : 1003,
		"intrinsic_matrix" : 
		[
			868.62347999579197,
			0.0,
			0.0,
			0.0,
			868.62347999579197,
			0.0,
			959.5,
			501.0,
			1.0
		],
		"width" : 1920
	},
	"version_major" : 1,
	"version_minor" : 0
}